PRN,Roll No,Name,Email,Phone,Academic Year,Semester,Division,Branch
25260001125,1125,Prajwal Vinayak Jadhav,prajwal@example.com,9988776655,2026-27,SEM-I,B,Information Technology
2425000387,387,Aarav Patel,aarav.p@example.com,9123456780,2026-27,SEM-I,A,Computer Science
2425000388,388,Riya Sharma,riya.s@example.com,9123456781,2026-27,SEM-I,A,Computer Science
25260001126,1126,Kabir Singh,kabir.s@example.com,9988776656,2026-27,SEM-I,B,Information Technology
25260001127,1127,Ananya Gupta,ananya.g@example.com,9988776657,2026-27,SEM-I,B,Information Technology
2324000501,501,Vedant Desai,vedant.d@example.com,9456123789,2026-27,SEM-III,C,Mechanical Engineering
2324000502,502,Neha Joshi,neha.j@example.com,9456123790,2026-27,SEM-III,C,Mechanical Engineering
2223000750,750,Rohan Kulkarni,rohan.k@example.com,9876501234,2026-27,SEM-V,A,Electronics
2223000751,751,Pooja Mehta,pooja.m@example.com,9876501235,2026-27,SEM-V,A,Electronics
